,0,1,2,3,4
0,24410405.pdf,29552167.pdf,15535920.pdf,14945250.pdf,27219200.pdf
1,21595057.pdf,21297521.pdf,33072201.pdf,55746506.pdf,10399912.pdf
2,25157655.pdf,19582792.pdf,21595057.pdf,13764840.pdf,17714174.pdf
3,21297521.pdf,13014900.pdf,16186411.pdf,43311839.pdf,37664296.pdf
4,21297521.pdf,44115326.pdf,43311839.pdf,16186411.pdf,21595057.pdf
5,43311839.pdf,37664296.pdf,85766635.pdf,28109594.pdf,80679862.pdf
6,37664296.pdf,34349255.pdf,26046064.pdf,43311839.pdf,37058472.pdf
7,26046064.pdf,26676567.pdf,21595057.pdf,25061645.pdf,25990239.pdf
8,37664296.pdf,37263609.pdf,83816738.pdf,43311839.pdf,42384185.pdf
9,43311839.pdf,21283733.pdf,12144825.pdf,16186411.pdf,16893572.pdf
10,43311839.pdf,12144825.pdf,21595057.pdf,25061645.pdf,16186411.pdf
11,12144825.pdf,83816738.pdf,20674668.pdf,43311839.pdf,35389360.pdf
12,37664296.pdf,26046064.pdf,29764492.pdf,37058472.pdf,34349255.pdf
13,43311839.pdf,12144825.pdf,16186411.pdf,35389360.pdf,83816738.pdf
14,25061645.pdf,37664296.pdf,24285142.pdf,19072267.pdf,42384185.pdf
15,37664296.pdf,25990239.pdf,43311839.pdf,28629430.pdf,21283733.pdf
16,28679359.pdf,27536013.pdf,20969119.pdf,69243180.pdf,19714635.pdf
17,10399912.pdf,3547447.pdf,73030450.pdf,57364820.pdf,16356151.pdf
18,19108760.pdf,23139819.pdf,33803142.pdf,20969119.pdf,12955994.pdf
19,20969119.pdf,69243180.pdf,11480899.pdf,30862904.pdf,10704573.pdf
20,49119887.pdf,18171955.pdf,13879043.pdf,11209758.pdf,28862054.pdf
21,23761385.pdf,17681064.pdf,22765255.pdf,33072201.pdf,20624984.pdf
22,19108760.pdf,33803142.pdf,54934269.pdf,34033933.pdf,39082090.pdf
23,19108760.pdf,12613221.pdf,39082090.pdf,33803142.pdf,26579709.pdf
24,18293620.pdf,17812897.pdf,82118447.pdf,25187733.pdf,3547447.pdf
25,78403342.pdf,3547447.pdf,18484846.pdf,21297521.pdf,21595057.pdf
26,19072267.pdf,11981094.pdf,3547447.pdf,25990239.pdf,43311839.pdf
27,25413261.pdf,16226743.pdf,23497307.pdf,19108760.pdf,11635137.pdf
28,29014805.pdf,59450123.pdf,25413261.pdf,96493528.pdf,25162378.pdf
29,43311839.pdf,12144825.pdf,35389360.pdf,83816738.pdf,98300955.pdf
30,43311839.pdf,18301617.pdf,44115326.pdf,26801767.pdf,57364820.pdf
31,18297650.pdf,75286906.pdf,15684810.pdf,24240349.pdf,43311839.pdf
32,18301617.pdf,18176523.pdf,43311839.pdf,29975124.pdf,23477199.pdf
33,16186411.pdf,43311839.pdf,83816738.pdf,12144825.pdf,18442517.pdf
34,43311839.pdf,21595057.pdf,21297521.pdf,78403342.pdf,44115326.pdf
35,83816738.pdf,43311839.pdf,44115326.pdf,10089434.pdf,26790545.pdf
36,44115326.pdf,23085604.pdf,17823436.pdf,21297521.pdf,43311839.pdf
37,13195436.pdf,99680385.pdf,25187733.pdf,30344127.pdf,26819872.pdf
38,10712803.pdf,14945250.pdf,17812897.pdf,21595057.pdf,25187733.pdf
39,19147947.pdf,17655479.pdf,11995013.pdf,23477199.pdf,13982572.pdf
40,28862054.pdf,24410405.pdf,12251115.pdf,23477199.pdf,26819872.pdf
41,11614114.pdf,21595057.pdf,26819872.pdf,10399912.pdf,29805310.pdf
42,56025640.pdf,17655479.pdf,13195436.pdf,19147947.pdf,10399912.pdf
43,56025640.pdf,17655479.pdf,10399912.pdf,19147947.pdf,18301617.pdf
44,21595057.pdf,19147947.pdf,17655479.pdf,34304175.pdf,25187733.pdf
45,10399912.pdf,25187733.pdf,10712803.pdf,18484846.pdf,79376680.pdf
46,20552814.pdf,36904300.pdf,30713796.pdf,11995013.pdf,20748926.pdf
47,36904300.pdf,18208580.pdf,29805310.pdf,11995013.pdf,15535408.pdf
48,44115326.pdf,24508725.pdf,21595057.pdf,10399912.pdf,91121135.pdf
49,63989974.pdf,17342969.pdf,18484846.pdf,36094883.pdf,11759079.pdf
